MetroArea,TargetEthnicity,EthnicPop,MetroPop
"Atlanta-Sandy Springs-Roswell, GA",Africa,42590,5612777
"Baltimore-Columbia-Towson, MD",Africa,21659,2780873
"Boston-Cambridge-Newton, MA-NH",Africa,40453,4728844
"Charlotte-Concord-Gastonia, NC-SC",Africa,2061,2381152
"Chicago-Naperville-Elgin, IL-IN-WI",Africa,22783,9528396
"Columbus, OH",Africa,6625,1995004
"Dallas-Fort Worth-Arlington, TX",Africa,46587,6957123
"Denver-Aurora-Lakewood, CO",Africa,9477,2752056
"Detroit-Warren-Dearborn, MI",Africa,5882,4296731
"Houston-The Woodlands-Sugar Land, TX",Africa,47967,6482592
"Indianapolis-Carmel-Anderson, IN",Africa,3467,1968768
"Kansas City, MO-KS",Africa,5016,2070147
"Las Vegas-Henderson-Paradise, NV",Africa,7964,2070153
"Los Angeles-Long Beach-Anaheim, CA",Africa,42644,13189366
"Miami-Fort Lauderdale-West Palm Beach, FL",Africa,7371,5926955
"Minneapolis-St. Paul-Bloomington, MN-WI",Africa,39030,3488436
"Nashville-Davidson--Murfreesboro--Franklin, TN",Africa,6958,1794570
"New York-Newark-Jersey City, NY-NJ-PA",Africa,110779,20031443
"Philadelphia-Camden-Wilmington, PA-NJ-DE-MD",Africa,28487,6047721
"Portland-Vancouver-Hillsboro, OR-WA",Africa,2105,2351319
"Providence-Warwick, RI-MA",Africa,17057,1609359
"Riverside-San Bernardino-Ontario, CA",Africa,9971,4430646
"San Diego-Carlsbad, CA",Africa,4601,3253356
"San Francisco-Oakland-Hayward, CA",Africa,13997,4577530
"San Jose-Sunnyvale-Santa Clara, CA",Africa,3510,1943107
"Seattle-Tacoma-Bellevue, WA",Africa,22252,3671095
"Tampa-St. Petersburg-Clearwater, FL",Africa,2848,2927714
"Washington-Arlington-Alexandria, DC-VA-MD-WV",Africa,101726,6011752
"Boston-Cambridge-Newton, MA-NH",Albania,6395,4728844
"Chicago-Naperville-Elgin, IL-IN-WI",Albania,5331,9528396
"Detroit-Warren-Dearborn, MI",Albania,9532,4296731
"Jacksonville, FL",Albania,2611,1424097
"New York-Newark-Jersey City, NY-NJ-PA",Albania,24755,20031443
"Philadelphia-Camden-Wilmington, PA-NJ-DE-MD",Albania,5126,6047721
"Worcester, MA-CT",Albania,2878,930667
"Akron, OH",Asia (East South and Southeast),3058,703168
"Albany-Schenectady-Troy, NY",Asia (East South and Southeast),7282,879291
"Albuquerque, NM",Asia (East South and Southeast),2385,904486
"Allentown-Bethlehem-Easton, PA-NJ",Asia (East South and Southeast),3251,830737
"Ames, IA",Asia (East South and Southeast),2971,94834
"Ann Arbor, MI",Asia (East South and Southeast),8979,358082
"Atlanta-Sandy Springs-Roswell, GA",Asia (East South and Southeast),32740,5612777
"Atlantic City-Hammonton, NJ",Asia (East South and Southeast),2147,274026
"Austin-Round Rock, TX",Asia (East South and Southeast),13832,1942615
"Bakersfield, CA",Asia (East South and Southeast),2024,871337
"Baltimore-Columbia-Towson, MD",Asia (East South and Southeast),16793,2780873
"Baton Rouge, LA",Asia (East South and Southeast),2788,824667
"Birmingham-Hoover, AL",Asia (East South and Southeast),2577,1141309
"Bloomington, IN",Asia (East South and Southeast),3695,164330
"Boston-Cambridge-Newton, MA-NH",Asia (East South and Southeast),91567,4728844
"Boulder, CO",Asia (East South and Southeast),2990,313961
"Bridgeport-Stamford-Norwalk, CT",Asia (East South and Southeast),6758,941618
"Buffalo-Cheektowaga-Niagara Falls, NY",Asia (East South and Southeast),5270,1135503
"Champaign-Urbana, IL",Asia (East South and Southeast),6731,236647
"Charlotte-Concord-Gastonia, NC-SC",Asia (East South and Southeast),5956,2381152
"Charlottesville, VA",Asia (East South and Southeast),2291,226817
"Chicago-Naperville-Elgin, IL-IN-WI",Asia (East South and Southeast),75637,9528396
"Cincinnati, OH-KY-IN",Asia (East South and Southeast),7166,2146410
"Cleveland-Elyria, OH",Asia (East South and Southeast),8436,2061630
"College Station-Bryan, TX",Asia (East South and Southeast),3476,243850
"Columbia, MO",Asia (East South and Southeast),2276,172773
"Columbia, SC",Asia (East South and Southeast),2078,800559
"Columbus, OH",Asia (East South and Southeast),11851,1995004
"Dallas-Fort Worth-Arlington, TX",Asia (East South and Southeast),40802,6957123
"Dayton, OH",Asia (East South and Southeast),3188,800950
"Denver-Aurora-Lakewood, CO",Asia (East South and Southeast),12947,2752056
"Detroit-Warren-Dearborn, MI",Asia (East South and Southeast),18091,4296731
"Durham-Chapel Hill, NC",Asia (East South and Southeast),6352,542399
"Eugene, OR",Asia (East South and Southeast),2396,360273
"Fresno, CA",Asia (East South and Southeast),3051,963160
"Gainesville, FL",Asia (East South and Southeast),2377,273614
"Grand Rapids-Wyoming, MI",Asia (East South and Southeast),2504,1028173
"Harrisburg-Carlisle, PA",Asia (East South and Southeast),2277,561447
"Hartford-West Hartford-East Hartford, CT",Asia (East South and Southeast),6610,1211826
"Houston-The Woodlands-Sugar Land, TX",Asia (East South and Southeast),63884,6482592
"Indianapolis-Carmel-Anderson, IN",Asia (East South and Southeast),6929,1968768
"Iowa City, IA",Asia (East South and Southeast),3638,164121
"Ithaca, NY",Asia (East South and Southeast),4134,104268
"Jacksonville, FL",Asia (East South and Southeast),4243,1424097
"Kansas City, MO-KS",Asia (East South and Southeast),6459,2070147
"Lafayette-West Lafayette, IN",Asia (East South and Southeast),6315,212113
"Lansing-East Lansing, MI",Asia (East South and Southeast),4791,470348
"Las Vegas-Henderson-Paradise, NV",Asia (East South and Southeast),20774,2070153
"Lexington-Fayette, KY",Asia (East South and Southeast),2833,495193
"Lincoln, NE",Asia (East South and Southeast),2104,318820
"Los Angeles-Long Beach-Anaheim, CA",Asia (East South and Southeast),357325,13189366
"Louisville/Jefferson County, KY-IN",Asia (East South and Southeast),2432,1269550
"Madison, WI",Asia (East South and Southeast),5881,634269
"Manchester-Nashua, NH",Asia (East South and Southeast),2033,404948
"Memphis, TN-MS-AR",Asia (East South and Southeast),3213,1341339
"Miami-Fort Lauderdale-West Palm Beach, FL",Asia (East South and Southeast),20723,5926955
"Milwaukee-Waukesha-West Allis, WI",Asia (East South and Southeast),5461,1571730
"Minneapolis-St. Paul-Bloomington, MN-WI",Asia (East South and Southeast),16085,3488436
"Nashville-Davidson--Murfreesboro--Franklin, TN",Asia (East South and Southeast),4667,1794570
"New Haven-Milford, CT",Asia (East South and Southeast),6136,860874
"New Orleans-Metairie, LA",Asia (East South and Southeast),3176,1250247
"New York-Newark-Jersey City, NY-NJ-PA",Asia (East South and Southeast),530262,20031443
"Norwich-New London, CT",Asia (East South and Southeast),2873,272033
"Oklahoma City, OK",Asia (East South and Southeast),4285,1337075
"Omaha-Council Bluffs, NE-IA",Asia (East South and Southeast),2052,904834
"Orlando-Kissimmee-Sanford, FL",Asia (East South and Southeast),9177,2328508
"Oxnard-Thousand Oaks-Ventura, CA",Asia (East South and Southeast),6205,843110
"Philadelphia-Camden-Wilmington, PA-NJ-DE-MD",Asia (East South and Southeast),54376,6047721
"Phoenix-Mesa-Scottsdale, AZ",Asia (East South and Southeast),18636,4486153
"Pittsburgh, PA",Asia (East South and Southeast),11014,2354926
"Portland-Vancouver-Hillsboro, OR-WA",Asia (East South and Southeast),19119,2351319
"Providence-Warwick, RI-MA",Asia (East South and Southeast),7639,1609359
"Raleigh, NC",Asia (East South and Southeast),8918,1243720
"Richmond, VA",Asia (East South and Southeast),4580,1258158
"Riverside-San Bernardino-Ontario, CA",Asia (East South and Southeast),43496,4430646
"Rochester, NY",Asia (East South and Southeast),5718,1082226
"Sacramento--Roseville--Arden-Arcade, CA",Asia (East South and Southeast),34014,2242542
"Salt Lake City, UT",Asia (East South and Southeast),5182,1154504
"San Antonio-New Braunfels, TX",Asia (East South and Southeast),4864,2332345
"San Diego-Carlsbad, CA",Asia (East South and Southeast),37726,3253356
"San Francisco-Oakland-Hayward, CA",Asia (East South and Southeast),293074,4577530
"San Jose-Sunnyvale-Santa Clara, CA",Asia (East South and Southeast),112577,1943107
"Santa Cruz-Watsonville, CA",Asia (East South and Southeast),2089,270931
"Santa Maria-Santa Barbara, CA",Asia (East South and Southeast),3355,439395
"Santa Rosa, CA",Asia (East South and Southeast),2746,497776
"Seattle-Tacoma-Bellevue, WA",Asia (East South and Southeast),69490,3671095
"Springfield, MA",Asia (East South and Southeast),3546,629107
"St. Louis, MO-IL",Asia (East South and Southeast),11041,2803449
"State College, PA",Asia (East South and Southeast),3477,159178
"Stockton-Lodi, CA",Asia (East South and Southeast),4956,714860
"Syracuse, NY",Asia (East South and Southeast),3692,660652
"Tampa-St. Petersburg-Clearwater, FL",Asia (East South and Southeast),7555,2927714
"Trenton, NJ",Asia (East South and Southeast),7110,371101
"Tucson, AZ",Asia (East South and Southeast),4544,1003338
"Urban Honolulu, HI",Asia (East South and Southeast),23218,986999
"Vallejo-Fairfield, CA",Asia (East South and Southeast),2768,429596
"Virginia Beach-Norfolk-Newport News, VA-NC",Asia (East South and Southeast),5590,1714428
"Washington-Arlington-Alexandria, DC-VA-MD-WV",Asia (East South and Southeast),87836,6011752
"Worcester, MA-CT",Asia (East South and Southeast),5633,930667
"Atlanta-Sandy Springs-Roswell, GA",Bangladesh,4879,5612777
"Atlantic City-Hammonton, NJ",Bangladesh,2713,274026
"Boston-Cambridge-Newton, MA-NH",Bangladesh,3013,4728844
"Chicago-Naperville-Elgin, IL-IN-WI",Bangladesh,3284,9528396
"Dallas-Fort Worth-Arlington, TX",Bangladesh,6269,6957123
"Detroit-Warren-Dearborn, MI",Bangladesh,12705,4296731
"Houston-The Woodlands-Sugar Land, TX",Bangladesh,3567,6482592
"Los Angeles-Long Beach-Anaheim, CA",Bangladesh,7252,13189366
"Miami-Fort Lauderdale-West Palm Beach, FL",Bangladesh,3839,5926955
"New York-Newark-Jersey City, NY-NJ-PA",Bangladesh,96168,20031443
"Philadelphia-Camden-Wilmington, PA-NJ-DE-MD",Bangladesh,6975,6047721
"San Francisco-Oakland-Hayward, CA",Bangladesh,2294,4577530
"Washington-Arlington-Alexandria, DC-VA-MD-WV",Bangladesh,11869,6011752
"Boston-Cambridge-Newton, MA-NH",Bulgaria,2135,4728844
"Chicago-Naperville-Elgin, IL-IN-WI",Bulgaria,10326,9528396
"Las Vegas-Henderson-Paradise, NV",Bulgaria,2604,2070153
"Los Angeles-Long Beach-Anaheim, CA",Bulgaria,3250,13189366
"New York-Newark-Jersey City, NY-NJ-PA",Bulgaria,8086,20031443
"San Francisco-Oakland-Hayward, CA",Bulgaria,2573,4577530
"Washington-Arlington-Alexandria, DC-VA-MD-WV",Bulgaria,2623,6011752
"Atlanta-Sandy Springs-Roswell, GA",Burma/Myanmar,3965,5612777
"Buffalo-Cheektowaga-Niagara Falls, NY",Burma/Myanmar,2710,1135503
"Chicago-Naperville-Elgin, IL-IN-WI",Burma/Myanmar,3709,9528396
"Dallas-Fort Worth-Arlington, TX",Burma/Myanmar,4602,6957123
"Des Moines-West Des Moines, IA",Burma/Myanmar,2011,611755
"Fort Wayne, IN",Burma/Myanmar,3335,426755
"Houston-The Woodlands-Sugar Land, TX",Burma/Myanmar,2489,6482592
"Indianapolis-Carmel-Anderson, IN",Burma/Myanmar,5675,1968768
"Jacksonville, FL",Burma/Myanmar,2111,1424097
"Los Angeles-Long Beach-Anaheim, CA",Burma/Myanmar,8952,13189366
"Minneapolis-St. Paul-Bloomington, MN-WI",Burma/Myanmar,5302,3488436
"New York-Newark-Jersey City, NY-NJ-PA",Burma/Myanmar,8421,20031443
"Omaha-Council Bluffs, NE-IA",Burma/Myanmar,2195,904834
"San Francisco-Oakland-Hayward, CA",Burma/Myanmar,10104,4577530
"Tulsa, OK",Burma/Myanmar,2171,970603
"Washington-Arlington-Alexandria, DC-VA-MD-WV",Burma/Myanmar,3023,6011752
"Atlanta-Sandy Springs-Roswell, GA",Cambodia,2536,5612777
"Boston-Cambridge-Newton, MA-NH",Cambodia,12107,4728844
"Chicago-Naperville-Elgin, IL-IN-WI",Cambodia,2318,9528396
"Dallas-Fort Worth-Arlington, TX",Cambodia,3185,6957123
"Fresno, CA",Cambodia,2063,963160
"Houston-The Woodlands-Sugar Land, TX",Cambodia,3528,6482592
"Los Angeles-Long Beach-Anaheim, CA",Cambodia,29437,13189366
"Minneapolis-St. Paul-Bloomington, MN-WI",Cambodia,3378,3488436
"Modesto, CA",Cambodia,2163,530561
"New York-Newark-Jersey City, NY-NJ-PA",Cambodia,3449,20031443
"Philadelphia-Camden-Wilmington, PA-NJ-DE-MD",Cambodia,7092,6047721
"Portland-Vancouver-Hillsboro, OR-WA",Cambodia,3194,2351319
"Providence-Warwick, RI-MA",Cambodia,3469,1609359
"Riverside-San Bernardino-Ontario, CA",Cambodia,4033,4430646
"San Diego-Carlsbad, CA",Cambodia,3470,3253356
"San Francisco-Oakland-Hayward, CA",Cambodia,4060,4577530
"San Jose-Sunnyvale-Santa Clara, CA",Cambodia,3339,1943107
"Seattle-Tacoma-Bellevue, WA",Cambodia,10543,3671095
"Stockton-Lodi, CA",Cambodia,4838,714860
"Washington-Arlington-Alexandria, DC-VA-MD-WV",Cambodia,4370,6011752
"Chicago-Naperville-Elgin, IL-IN-WI",Croatia,4384,9528396
"Cleveland-Elyria, OH",Croatia,2031,2061630
"Los Angeles-Long Beach-Anaheim, CA",Croatia,2264,13189366
"New York-Newark-Jersey City, NY-NJ-PA",Croatia,8567,20031443
"Chicago-Naperville-Elgin, IL-IN-WI",Czech Republic,5204,9528396
"Los Angeles-Long Beach-Anaheim, CA",Czech Republic,3848,13189366
"Miami-Fort Lauderdale-West Palm Beach, FL",Czech Republic,2195,5926955
"New York-Newark-Jersey City, NY-NJ-PA",Czech Republic,12046,20031443
"San Francisco-Oakland-Hayward, CA",Czech Republic,2265,4577530
"Washington-Arlington-Alexandria, DC-VA-MD-WV",Czech Republic,2126,6011752
"New York-Newark-Jersey City, NY-NJ-PA",Denmark,2821,20031443
"Boston-Cambridge-Newton, MA-NH",Hmong,7505,4728844
"Chicago-Naperville-Elgin, IL-IN-WI",Hmong,5539,9528396
"Dallas-Fort Worth-Arlington, TX",Hmong,2345,6957123
"Houston-The Woodlands-Sugar Land, TX",Hmong,4665,6482592
"Los Angeles-Long Beach-Anaheim, CA",Hmong,32664,13189366
"Miami-Fort Lauderdale-West Palm Beach, FL",Hmong,2178,5926955
"New York-Newark-Jersey City, NY-NJ-PA",Hmong,46662,20031443
"Philadelphia-Camden-Wilmington, PA-NJ-DE-MD",Hmong,2718,6047721
"Riverside-San Bernardino-Ontario, CA",Hmong,2456,4430646
"Sacramento--Roseville--Arden-Arcade, CA",Hmong,3823,2242542
"San Diego-Carlsbad, CA",Hmong,2897,3253356
"San Francisco-Oakland-Hayward, CA",Hmong,42334,4577530
"San Jose-Sunnyvale-Santa Clara, CA",Hmong,10878,1943107
"Seattle-Tacoma-Bellevue, WA",Hmong,7763,3671095
"Urban Honolulu, HI",Hmong,3509,986999
"Washington-Arlington-Alexandria, DC-VA-MD-WV",Hmong,5041,6011752
"Akron, OH",India,3121,703168
"Albany-Schenectady-Troy, NY",India,5762,879291
"Allentown-Bethlehem-Easton, PA-NJ",India,5770,830737
"Ann Arbor, MI",India,4286,358082
"Atlanta-Sandy Springs-Roswell, GA",India,65328,5612777
"Atlantic City-Hammonton, NJ",India,4029,274026
"Austin-Round Rock, TX",India,22199,1942615
"Bakersfield, CA",India,7438,871337
"Baltimore-Columbia-Towson, MD",India,24519,2780873
"Baton Rouge, LA",India,2213,824667
"Birmingham-Hoover, AL",India,3460,1141309
"Bloomington, IL",India,5360,189576
"Boston-Cambridge-Newton, MA-NH",India,49955,4728844
"Boulder, CO",India,2362,313961
"Bridgeport-Stamford-Norwalk, CT",India,12753,941618
"Buffalo-Cheektowaga-Niagara Falls, NY",India,5201,1135503
"Champaign-Urbana, IL",India,2715,236647
"Charlotte-Concord-Gastonia, NC-SC",India,22350,2381152
"Chicago-Naperville-Elgin, IL-IN-WI",India,133067,9528396
"Cincinnati, OH-KY-IN",India,12657,2146410
"Cleveland-Elyria, OH",India,10827,2061630
"Columbia, SC",India,3191,800559
"Columbus, IN",India,2293,80203
"Columbus, OH",India,17903,1995004
"Dallas-Fort Worth-Arlington, TX",India,90384,6957123
"Davenport-Moline-Rock Island, IA-IL",India,2073,383304
"Dayton, OH",India,3798,800950
"Denver-Aurora-Lakewood, CO",India,13254,2752056
"Des Moines-West Des Moines, IA",India,3243,611755
"Detroit-Warren-Dearborn, MI",India,45645,4296731
"Durham-Chapel Hill, NC",India,3231,542399
"Fayetteville-Springdale-Rogers, AR-MO",India,4581,503642
"Fresno, CA",India,13310,963160
"Gainesville, FL",India,2464,273614
"Grand Rapids-Wyoming, MI",India,2232,1028173
"Greensboro-High Point, NC",India,3440,746301
"Greenville-Anderson-Mauldin, SC",India,2585,862064
"Harrisburg-Carlisle, PA",India,4510,561447
"Hartford-West Hartford-East Hartford, CT",India,16365,1211826
"Houston-The Woodlands-Sugar Land, TX",India,79172,6482592
"Indianapolis-Carmel-Anderson, IN",India,13417,1968768
"Jacksonville, FL",India,5446,1424097
"Kansas City, MO-KS",India,9560,2070147
"Knoxville, TN",India,2351,857111
"Lafayette-West Lafayette, IN",India,2102,212113
"Lansing-East Lansing, MI",India,3478,470348
"Las Vegas-Henderson-Paradise, NV",India,5293,2070153
"Little Rock-North Little Rock-Conway, AR",India,2708,727371
"Los Angeles-Long Beach-Anaheim, CA",India,85943,13189366
"Louisville/Jefferson County, KY-IN",India,4733,1269550
"Madison, WI",India,3771,634269
"Manchester-Nashua, NH",India,4108,404948
"Memphis, TN-MS-AR",India,4822,1341339
"Merced, CA",India,3149,265001
"Miami-Fort Lauderdale-West Palm Beach, FL",India,22534,5926955
"Milwaukee-Waukesha-West Allis, WI",India,10223,1571730
"Minneapolis-St. Paul-Bloomington, MN-WI",India,26214,3488436
"Modesto, CA",India,4472,530561
"Nashville-Davidson--Murfreesboro--Franklin, TN",India,9040,1794570
"New Haven-Milford, CT",India,6791,860874
"New Orleans-Metairie, LA",India,2901,1250247
"New York-Newark-Jersey City, NY-NJ-PA",India,345130,20031443
"North Port-Sarasota-Bradenton, FL",India,2229,751422
"Oklahoma City, OK",India,4807,1337075
"Omaha-Council Bluffs, NE-IA",India,4061,904834
"Orlando-Kissimmee-Sanford, FL",India,12438,2328508
"Oxnard-Thousand Oaks-Ventura, CA",India,8375,843110
"Peoria, IL",India,3185,379241
"Philadelphia-Camden-Wilmington, PA-NJ-DE-MD",India,72673,6047721
"Phoenix-Mesa-Scottsdale, AZ",India,29859,4486153
"Pittsburgh, PA",India,11812,2354926
"Portland-Vancouver-Hillsboro, OR-WA",India,13088,2351319
"Providence-Warwick, RI-MA",India,6798,1609359
"Raleigh, NC",India,19480,1243720
"Richmond, VA",India,10898,1258158
"Riverside-San Bernardino-Ontario, CA",India,15968,4430646
"Rochester, NY",India,4283,1082226
"Sacramento--Roseville--Arden-Arcade, CA",India,25949,2242542
"Salt Lake City, UT",India,4738,1154504
"San Antonio-New Braunfels, TX",India,8975,2332345
"San Diego-Carlsbad, CA",India,22010,3253356
"San Francisco-Oakland-Hayward, CA",India,108685,4577530
"San Jose-Sunnyvale-Santa Clara, CA",India,110449,1943107
"Scranton--Wilkes-Barre--Hazleton, PA",India,2432,559898
"Seattle-Tacoma-Bellevue, WA",India,56416,3671095
"Springfield, MA",India,2203,629107
"St. Louis, MO-IL",India,13554,2803449
"Stockton-Lodi, CA",India,11658,714860
"Syracuse, NY",India,2014,660652
"Tallahassee, FL",India,2428,376337
"Tampa-St. Petersburg-Clearwater, FL",India,18205,2927714
"Trenton, NJ",India,11834,371101
"Tucson, AZ",India,2209,1003338
"Vallejo-Fairfield, CA",India,2981,429596
"Virginia Beach-Norfolk-Newport News, VA-NC",India,3981,1714428
"Washington-Arlington-Alexandria, DC-VA-MD-WV",India,93583,6011752
"Worcester, MA-CT",India,8721,930667
"Yuba City, CA",India,6774,169303
"Atlanta-Sandy Springs-Roswell, GA",Japan,5628,5612777
"Boston-Cambridge-Newton, MA-NH",Japan,6370,4728844
"Chicago-Naperville-Elgin, IL-IN-WI",Japan,9508,9528396
"Cincinnati, OH-KY-IN",Japan,2304,2146410
"Columbus, OH",Japan,2643,1995004
"Dallas-Fort Worth-Arlington, TX",Japan,3875,6957123
"Denver-Aurora-Lakewood, CO",Japan,2169,2752056
"Detroit-Warren-Dearborn, MI",Japan,5692,4296731
"Houston-The Woodlands-Sugar Land, TX",Japan,4347,6482592
"Las Vegas-Henderson-Paradise, NV",Japan,4009,2070153
"Los Angeles-Long Beach-Anaheim, CA",Japan,48372,13189366
"Miami-Fort Lauderdale-West Palm Beach, FL",Japan,2472,5926955
"New York-Newark-Jersey City, NY-NJ-PA",Japan,36775,20031443
"Philadelphia-Camden-Wilmington, PA-NJ-DE-MD",Japan,2847,6047721
"Phoenix-Mesa-Scottsdale, AZ",Japan,3205,4486153
"Portland-Vancouver-Hillsboro, OR-WA",Japan,4865,2351319
"Riverside-San Bernardino-Ontario, CA",Japan,4798,4430646
"Sacramento--Roseville--Arden-Arcade, CA",Japan,3741,2242542
"San Diego-Carlsbad, CA",Japan,11150,3253356
"San Francisco-Oakland-Hayward, CA",Japan,17668,4577530
"San Jose-Sunnyvale-Santa Clara, CA",Japan,11540,1943107
"Seattle-Tacoma-Bellevue, WA",Japan,12811,3671095
"Urban Honolulu, HI",Japan,20489,986999
"Washington-Arlington-Alexandria, DC-VA-MD-WV",Japan,8022,6011752
"Albany-Schenectady-Troy, NY",Korea,2750,879291
"Anchorage, AK",Korea,2947,398000
"Ann Arbor, MI",Korea,2764,358082
"Atlanta-Sandy Springs-Roswell, GA",Korea,34349,5612777
"Austin-Round Rock, TX",Korea,4950,1942615
"Baltimore-Columbia-Towson, MD",Korea,19238,2780873
"Boston-Cambridge-Newton, MA-NH",Korea,14351,4728844
"Bridgeport-Stamford-Norwalk, CT",Korea,2377,941618
"Champaign-Urbana, IL",Korea,2318,236647
"Charlotte-Concord-Gastonia, NC-SC",Korea,3260,2381152
"Chicago-Naperville-Elgin, IL-IN-WI",Korea,38310,9528396
"Cincinnati, OH-KY-IN",Korea,2050,2146410
"Cleveland-Elyria, OH",Korea,2509,2061630
"Colorado Springs, CO",Korea,3623,688643
"Columbus, OH",Korea,3903,1995004
"Dallas-Fort Worth-Arlington, TX",Korea,23014,6957123
"Denver-Aurora-Lakewood, CO",Korea,9555,2752056
"Detroit-Warren-Dearborn, MI",Korea,8997,4296731
"Durham-Chapel Hill, NC",Korea,2291,542399
"Grand Rapids-Wyoming, MI",Korea,2383,1028173
"Hartford-West Hartford-East Hartford, CT",Korea,2699,1211826
"Houston-The Woodlands-Sugar Land, TX",Korea,11761,6482592
"Indianapolis-Carmel-Anderson, IN",Korea,2342,1968768
"Jacksonville, FL",Korea,2103,1424097
"Kansas City, MO-KS",Korea,3714,2070147
"Killeen-Temple, TX",Korea,2788,426926
"Las Vegas-Henderson-Paradise, NV",Korea,9676,2070153
"Los Angeles-Long Beach-Anaheim, CA",Korea,220673,13189366
"Madison, WI",Korea,2034,634269
"Miami-Fort Lauderdale-West Palm Beach, FL",Korea,3613,5926955
"Minneapolis-St. Paul-Bloomington, MN-WI",Korea,10738,3488436
"Montgomery, AL",Korea,2104,373963
"Nashville-Davidson--Murfreesboro--Franklin, TN",Korea,3072,1794570
"New York-Newark-Jersey City, NY-NJ-PA",Korea,147913,20031443
"Oklahoma City, OK",Korea,2463,1337075
"Olympia-Tumwater, WA",Korea,2353,266311
"Orlando-Kissimmee-Sanford, FL",Korea,4563,2328508
"Oxnard-Thousand Oaks-Ventura, CA",Korea,2610,843110
"Philadelphia-Camden-Wilmington, PA-NJ-DE-MD",Korea,24745,6047721
"Phoenix-Mesa-Scottsdale, AZ",Korea,7994,4486153
"Pittsburgh, PA",Korea,3286,2354926
"Portland-Vancouver-Hillsboro, OR-WA",Korea,9195,2351319
"Raleigh, NC",Korea,3457,1243720
"Richmond, VA",Korea,2989,1258158
"Riverside-San Bernardino-Ontario, CA",Korea,17973,4430646
"Rochester, NY",Korea,2023,1082226
"Sacramento--Roseville--Arden-Arcade, CA",Korea,7941,2242542
"Salt Lake City, UT",Korea,2410,1154504
"San Antonio-New Braunfels, TX",Korea,2902,2332345
"San Diego-Carlsbad, CA",Korea,15067,3253356
"San Francisco-Oakland-Hayward, CA",Korea,29325,4577530
"San Jose-Sunnyvale-Santa Clara, CA",Korea,21099,1943107
"Seattle-Tacoma-Bellevue, WA",Korea,37651,3671095
"St. Louis, MO-IL",Korea,4198,2803449
"Tampa-St. Petersburg-Clearwater, FL",Korea,4074,2927714
"Trenton, NJ",Korea,2137,371101
"Urban Honolulu, HI",Korea,14790,986999
"Virginia Beach-Norfolk-Newport News, VA-NC",Korea,3937,1714428
"Washington-Arlington-Alexandria, DC-VA-MD-WV",Korea,59212,6011752
"Atlanta-Sandy Springs-Roswell, GA",Laos,3860,5612777
"Boston-Cambridge-Newton, MA-NH",Laos,2039,4728844
"Charlotte-Concord-Gastonia, NC-SC",Laos,2313,2381152
"Chicago-Naperville-Elgin, IL-IN-WI",Laos,2608,9528396
"Dallas-Fort Worth-Arlington, TX",Laos,5538,6957123
"Denver-Aurora-Lakewood, CO",Laos,2182,2752056
"Fresno, CA",Laos,11918,963160
"Los Angeles-Long Beach-Anaheim, CA",Laos,5293,13189366
"Merced, CA",Laos,2461,265001
"Milwaukee-Waukesha-West Allis, WI",Laos,5133,1571730
"Minneapolis-St. Paul-Bloomington, MN-WI",Laos,23402,3488436
"Nashville-Davidson--Murfreesboro--Franklin, TN",Laos,3792,1794570
"Portland-Vancouver-Hillsboro, OR-WA",Laos,3651,2351319
"Riverside-San Bernardino-Ontario, CA",Laos,2703,4430646
"Sacramento--Roseville--Arden-Arcade, CA",Laos,11907,2242542
"San Diego-Carlsbad, CA",Laos,5170,3253356
"San Francisco-Oakland-Hayward, CA",Laos,5029,4577530
"Seattle-Tacoma-Bellevue, WA",Laos,5400,3671095
"Stockton-Lodi, CA",Laos,3264,714860
"Tampa-St. Petersburg-Clearwater, FL",Laos,2172,2927714
"Washington-Arlington-Alexandria, DC-VA-MD-WV",Laos,2682,6011752
"Albany-Schenectady-Troy, NY",Pakistan,2181,879291
"Atlanta-Sandy Springs-Roswell, GA",Pakistan,9192,5612777
"Austin-Round Rock, TX",Pakistan,3476,1942615
"Baltimore-Columbia-Towson, MD",Pakistan,8409,2780873
"Boston-Cambridge-Newton, MA-NH",Pakistan,3689,4728844
"Chicago-Naperville-Elgin, IL-IN-WI",Pakistan,25508,9528396
"Dallas-Fort Worth-Arlington, TX",Pakistan,15679,6957123
"Detroit-Warren-Dearborn, MI",Pakistan,6226,4296731
"Hartford-West Hartford-East Hartford, CT",Pakistan,2266,1211826
"Houston-The Woodlands-Sugar Land, TX",Pakistan,28622,6482592
"Los Angeles-Long Beach-Anaheim, CA",Pakistan,13091,13189366
"Miami-Fort Lauderdale-West Palm Beach, FL",Pakistan,6087,5926955
"New York-Newark-Jersey City, NY-NJ-PA",Pakistan,78119,20031443
"Orlando-Kissimmee-Sanford, FL",Pakistan,3587,2328508
"Philadelphia-Camden-Wilmington, PA-NJ-DE-MD",Pakistan,8262,6047721
"Riverside-San Bernardino-Ontario, CA",Pakistan,4473,4430646
"Sacramento--Roseville--Arden-Arcade, CA",Pakistan,5646,2242542
"San Francisco-Oakland-Hayward, CA",Pakistan,8580,4577530
"San Jose-Sunnyvale-Santa Clara, CA",Pakistan,4095,1943107
"Seattle-Tacoma-Bellevue, WA",Pakistan,3432,3671095
"St. Louis, MO-IL",Pakistan,2172,2803449
"Stockton-Lodi, CA",Pakistan,4040,714860
"Tampa-St. Petersburg-Clearwater, FL",Pakistan,2141,2927714
"Washington-Arlington-Alexandria, DC-VA-MD-WV",Pakistan,28677,6011752
"Anchorage, AK",Philippines,8712,398000
"Atlanta-Sandy Springs-Roswell, GA",Philippines,9565,5612777
"Atlantic City-Hammonton, NJ",Philippines,2368,274026
"Austin-Round Rock, TX",Philippines,4657,1942615
"Bakersfield, CA",Philippines,10584,871337
"Baltimore-Columbia-Towson, MD",Philippines,14378,2780873
"Boston-Cambridge-Newton, MA-NH",Philippines,8626,4728844
"Bremerton-Silverdale, WA",Philippines,5235,257488
"Bridgeport-Stamford-Norwalk, CT",Philippines,3599,941618
"Charleston-North Charleston, SC",Philippines,3470,728271
"Charlotte-Concord-Gastonia, NC-SC",Philippines,3403,2381152
"Chicago-Naperville-Elgin, IL-IN-WI",Philippines,81586,9528396
"Cincinnati, OH-KY-IN",Philippines,2838,2146410
"Cleveland-Elyria, OH",Philippines,2626,2061630
"Colorado Springs, CO",Philippines,2555,688643
"Columbus, OH",Philippines,2739,1995004
"Dallas-Fort Worth-Arlington, TX",Philippines,24320,6957123
"Deltona-Daytona Beach-Ormond Beach, FL",Philippines,2761,613723
"Denver-Aurora-Lakewood, CO",Philippines,5112,2752056
"Detroit-Warren-Dearborn, MI",Philippines,11425,4296731
"Fresno, CA",Philippines,6082,963160
"Hanford-Corcoran, CA",Philippines,2369,150261
"Hartford-West Hartford-East Hartford, CT",Philippines,2849,1211826
"Houston-The Woodlands-Sugar Land, TX",Philippines,38464,6482592
"Indianapolis-Carmel-Anderson, IN",Philippines,2982,1968768
"Jacksonville, FL",Philippines,13423,1424097
"Kahului-Wailuku-Lahaina, HI",Philippines,18444,162547
"Kansas City, MO-KS",Philippines,3444,2070147
"Lakeland-Winter Haven, FL",Philippines,2371,637691
"Las Vegas-Henderson-Paradise, NV",Philippines,70555,2070153
"Los Angeles-Long Beach-Anaheim, CA",Philippines,293077,13189366
"McAllen-Edinburg-Mission, TX",Philippines,3054,828334
"Memphis, TN-MS-AR",Philippines,2713,1341339
"Miami-Fort Lauderdale-West Palm Beach, FL",Philippines,15792,5926955
"Milwaukee-Waukesha-West Allis, WI",Philippines,2065,1571730
"Minneapolis-St. Paul-Bloomington, MN-WI",Philippines,6354,3488436
"Modesto, CA",Philippines,3686,530561
"Napa, CA",Philippines,4334,140823
"Nashville-Davidson--Murfreesboro--Franklin, TN",Philippines,2236,1794570
"New York-Newark-Jersey City, NY-NJ-PA",Philippines,154674,20031443
"North Port-Sarasota-Bradenton, FL",Philippines,2056,751422
"Oklahoma City, OK",Philippines,2047,1337075
"Orlando-Kissimmee-Sanford, FL",Philippines,12646,2328508
"Oxnard-Thousand Oaks-Ventura, CA",Philippines,14377,843110
"Palm Bay-Melbourne-Titusville, FL",Philippines,2044,560683
"Pensacola-Ferry Pass-Brent, FL",Philippines,3710,473477
"Philadelphia-Camden-Wilmington, PA-NJ-DE-MD",Philippines,19078,6047721
"Phoenix-Mesa-Scottsdale, AZ",Philippines,22260,4486153
"Pittsburgh, PA",Philippines,2035,2354926
"Portland-Vancouver-Hillsboro, OR-WA",Philippines,10721,2351319
"Providence-Warwick, RI-MA",Philippines,2773,1609359
"Raleigh, NC",Philippines,2500,1243720
"Reno, NV",Philippines,7603,443855
"Richmond, VA",Philippines,2818,1258158
"Riverside-San Bernardino-Ontario, CA",Philippines,62177,4430646
"Sacramento--Roseville--Arden-Arcade, CA",Philippines,36839,2242542
"Salinas, CA",Philippines,7436,430201
"Salt Lake City, UT",Philippines,2152,1154504
"San Antonio-New Braunfels, TX",Philippines,9305,2332345
"San Diego-Carlsbad, CA",Philippines,100564,3253356
"San Francisco-Oakland-Hayward, CA",Philippines,162737,4577530
"San Jose-Sunnyvale-Santa Clara, CA",Philippines,60006,1943107
"Santa Maria-Santa Barbara, CA",Philippines,4448,439395
"Santa Rosa, CA",Philippines,2332,497776
"Seattle-Tacoma-Bellevue, WA",Philippines,47794,3671095
"St. Louis, MO-IL",Philippines,5343,2803449
"Stockton-Lodi, CA",Philippines,22062,714860
"Tampa-St. Petersburg-Clearwater, FL",Philippines,12042,2927714
"Tucson, AZ",Philippines,2812,1003338
"Urban Honolulu, HI",Philippines,81060,986999
"Vallejo-Fairfield, CA",Philippines,28386,429596
"Virginia Beach-Norfolk-Newport News, VA-NC",Philippines,20918,1714428
"Visalia-Porterville, CA",Philippines,4071,455769
"Washington-Arlington-Alexandria, DC-VA-MD-WV",Philippines,48497,6011752
"Los Angeles-Long Beach-Anaheim, CA",Sri Lanka,7116,13189366
"New York-Newark-Jersey City, NY-NJ-PA",Sri Lanka,7636,20031443
"Washington-Arlington-Alexandria, DC-VA-MD-WV",Sri Lanka,3491,6011752
"Atlanta-Sandy Springs-Roswell, GA",Taiwan,4996,5612777
"Austin-Round Rock, TX",Taiwan,3024,1942615
"Baltimore-Columbia-Towson, MD",Taiwan,2207,2780873
"Boston-Cambridge-Newton, MA-NH",Taiwan,7082,4728844
"Chicago-Naperville-Elgin, IL-IN-WI",Taiwan,8157,9528396
"Dallas-Fort Worth-Arlington, TX",Taiwan,9273,6957123
"Denver-Aurora-Lakewood, CO",Taiwan,2033,2752056
"Detroit-Warren-Dearborn, MI",Taiwan,2083,4296731
"Houston-The Woodlands-Sugar Land, TX",Taiwan,12104,6482592
"Las Vegas-Henderson-Paradise, NV",Taiwan,3501,2070153
"Los Angeles-Long Beach-Anaheim, CA",Taiwan,88590,13189366
"Miami-Fort Lauderdale-West Palm Beach, FL",Taiwan,2403,5926955
"New York-Newark-Jersey City, NY-NJ-PA",Taiwan,42585,20031443
"Philadelphia-Camden-Wilmington, PA-NJ-DE-MD",Taiwan,4222,6047721
"Phoenix-Mesa-Scottsdale, AZ",Taiwan,2621,4486153
"Portland-Vancouver-Hillsboro, OR-WA",Taiwan,3156,2351319
"Riverside-San Bernardino-Ontario, CA",Taiwan,10697,4430646
"Sacramento--Roseville--Arden-Arcade, CA",Taiwan,3584,2242542
"San Diego-Carlsbad, CA",Taiwan,7435,3253356
"San Francisco-Oakland-Hayward, CA",Taiwan,28045,4577530
"San Jose-Sunnyvale-Santa Clara, CA",Taiwan,28101,1943107
"Seattle-Tacoma-Bellevue, WA",Taiwan,11208,3671095
"Urban Honolulu, HI",Taiwan,2618,986999
"Washington-Arlington-Alexandria, DC-VA-MD-WV",Taiwan,12394,6011752
"Anchorage, AK",Thailand,2272,398000
"Atlanta-Sandy Springs-Roswell, GA",Thailand,3845,5612777
"Boston-Cambridge-Newton, MA-NH",Thailand,4174,4728844
"Chicago-Naperville-Elgin, IL-IN-WI",Thailand,5985,9528396
"Dallas-Fort Worth-Arlington, TX",Thailand,4962,6957123
"Denver-Aurora-Lakewood, CO",Thailand,2345,2752056
"Fresno, CA",Thailand,5525,963160
"Houston-The Woodlands-Sugar Land, TX",Thailand,4568,6482592
"Las Vegas-Henderson-Paradise, NV",Thailand,4870,2070153
"Los Angeles-Long Beach-Anaheim, CA",Thailand,25688,13189366
"Miami-Fort Lauderdale-West Palm Beach, FL",Thailand,3664,5926955
"Milwaukee-Waukesha-West Allis, WI",Thailand,3525,1571730
"Minneapolis-St. Paul-Bloomington, MN-WI",Thailand,15658,3488436
"New York-Newark-Jersey City, NY-NJ-PA",Thailand,9217,20031443
"Philadelphia-Camden-Wilmington, PA-NJ-DE-MD",Thailand,2262,6047721
"Phoenix-Mesa-Scottsdale, AZ",Thailand,3484,4486153
"Portland-Vancouver-Hillsboro, OR-WA",Thailand,3194,2351319
"Riverside-San Bernardino-Ontario, CA",Thailand,5025,4430646
"Sacramento--Roseville--Arden-Arcade, CA",Thailand,7613,2242542
"San Diego-Carlsbad, CA",Thailand,3061,3253356
"San Francisco-Oakland-Hayward, CA",Thailand,8140,4577530
"San Jose-Sunnyvale-Santa Clara, CA",Thailand,2727,1943107
"Seattle-Tacoma-Bellevue, WA",Thailand,6184,3671095
"Stockton-Lodi, CA",Thailand,3198,714860
"Tampa-St. Petersburg-Clearwater, FL",Thailand,2427,2927714
"Washington-Arlington-Alexandria, DC-VA-MD-WV",Thailand,8761,6011752
"Albuquerque, NM",Vietnam,2915,904486
"Atlanta-Sandy Springs-Roswell, GA",Vietnam,29995,5612777
"Atlantic City-Hammonton, NJ",Vietnam,3296,274026
"Austin-Round Rock, TX",Vietnam,12315,1942615
"Baltimore-Columbia-Towson, MD",Vietnam,4985,2780873
"Baton Rouge, LA",Vietnam,3674,824667
"Beaumont-Port Arthur, TX",Vietnam,2815,406506
"Boston-Cambridge-Newton, MA-NH",Vietnam,27769,4728844
"Charlotte-Concord-Gastonia, NC-SC",Vietnam,9305,2381152
"Chicago-Naperville-Elgin, IL-IN-WI",Vietnam,16502,9528396
"Cincinnati, OH-KY-IN",Vietnam,2833,2146410
"Columbus, OH",Vietnam,2731,1995004
"Dallas-Fort Worth-Arlington, TX",Vietnam,56374,6957123
"Denver-Aurora-Lakewood, CO",Vietnam,14174,2752056
"Des Moines-West Des Moines, IA",Vietnam,2831,611755
"Detroit-Warren-Dearborn, MI",Vietnam,5480,4296731
"Fresno, CA",Vietnam,2876,963160
"Grand Rapids-Wyoming, MI",Vietnam,4548,1028173
"Greensboro-High Point, NC",Vietnam,5170,746301
"Gulfport-Biloxi-Pascagoula, MS",Vietnam,2826,385448
"Harrisburg-Carlisle, PA",Vietnam,2013,561447
"Hartford-West Hartford-East Hartford, CT",Vietnam,2680,1211826
"Houston-The Woodlands-Sugar Land, TX",Vietnam,80748,6482592
"Indianapolis-Carmel-Anderson, IN",Vietnam,2370,1968768
"Jacksonville, FL",Vietnam,4231,1424097
"Kansas City, MO-KS",Vietnam,5102,2070147
"Lancaster, PA",Vietnam,2281,533110
"Las Vegas-Henderson-Paradise, NV",Vietnam,7573,2070153
"Lincoln, NE",Vietnam,4082,318820
"Los Angeles-Long Beach-Anaheim, CA",Vietnam,241586,13189366
"Memphis, TN-MS-AR",Vietnam,3161,1341339
"Miami-Fort Lauderdale-West Palm Beach, FL",Vietnam,11370,5926955
"Minneapolis-St. Paul-Bloomington, MN-WI",Vietnam,16204,3488436
"Nashville-Davidson--Murfreesboro--Franklin, TN",Vietnam,2600,1794570
"New Orleans-Metairie, LA",Vietnam,11001,1250247
"New York-Newark-Jersey City, NY-NJ-PA",Vietnam,27176,20031443
"Oklahoma City, OK",Vietnam,10515,1337075
"Olympia-Tumwater, WA",Vietnam,2576,266311
"Orlando-Kissimmee-Sanford, FL",Vietnam,9885,2328508
"Oxnard-Thousand Oaks-Ventura, CA",Vietnam,3192,843110
"Philadelphia-Camden-Wilmington, PA-NJ-DE-MD",Vietnam,26967,6047721
"Phoenix-Mesa-Scottsdale, AZ",Vietnam,16149,4486153
"Portland-Vancouver-Hillsboro, OR-WA",Vietnam,20749,2351319
"Providence-Warwick, RI-MA",Vietnam,2370,1609359
"Raleigh, NC",Vietnam,4408,1243720
"Richmond, VA",Vietnam,4111,1258158
"Riverside-San Bernardino-Ontario, CA",Vietnam,21249,4430646
"Rochester, NY",Vietnam,2662,1082226
"Sacramento--Roseville--Arden-Arcade, CA",Vietnam,24353,2242542
"Salt Lake City, UT",Vietnam,4827,1154504
"San Antonio-New Braunfels, TX",Vietnam,4929,2332345
"San Diego-Carlsbad, CA",Vietnam,36019,3253356
"San Francisco-Oakland-Hayward, CA",Vietnam,61154,4577530
"San Jose-Sunnyvale-Santa Clara, CA",Vietnam,101595,1943107
"Seattle-Tacoma-Bellevue, WA",Vietnam,44463,3671095
"Springfield, MA",Vietnam,2104,629107
"St. Louis, MO-IL",Vietnam,6819,2803449
"Stockton-Lodi, CA",Vietnam,4986,714860
"Tampa-St. Petersburg-Clearwater, FL",Vietnam,11529,2927714
"Tucson, AZ",Vietnam,2616,1003338
"Tulsa, OK",Vietnam,2723,970603
"Urban Honolulu, HI",Vietnam,9209,986999
"Virginia Beach-Norfolk-Newport News, VA-NC",Vietnam,4082,1714428
"Washington-Arlington-Alexandria, DC-VA-MD-WV",Vietnam,49183,6011752
"Wichita, KS",Vietnam,7005,640505
"Worcester, MA-CT",Vietnam,4858,930667
